AFRICA:
  EAST:
    'BI': [Burundi, Burundian*, Bujumbura]
    'KM': [Comoros, Comorian*, Moroni]
    'DJ': [Djibouti, Djiboutian*]
    'ER': [Eritrea, Eritrean*, Asmara]
    'ET': [Ethiopia, Ethiopian*, Addis Ababa]
    'KE': [Kenya, Kenyan*, Nairobi]
    'MG': [Madagascar, Madagas*, Malagas*, Antananarivo]
    'MW': [Malawi, Malawian*, Lilongwe]
    'MU': [Mauritius, Mauritian*, Port Louis]
    'YT': [Mayotte, Mahoran*, Mamoudzou]
    'MZ': [Mozambique, Mozambican*, Maputo]
    'RE': [Reunion, Reunionese*, Reunionnais]
    'RW': [Rwanda, Rwandan*, Kigali]
    'SC': [Seychelles, Seychelloise, Seychellois]
    'SO': [Somalia, Somali*, Somalian*, Mogadishu]
    'UG': [Uganda, Ugandan*, Kampala]
    'TZ': [Tanzania, Tanzanian*, Dodoma]
    'ZM': [Zambia, Zambian*, Lusaka]
    'ZW': [Zimbabwe, Zimbabwean*, Harare]

  MIDDLE:
    'AO': [Angola, Angolan*, Luanda]
    'CM': [Cameroon, Cameroonian*, Yaounde]
    'CF': [Central African Republic, Central African*, Bangui]
    'TD': [Chad, Chadian*, N'Djamena]
    'CG': [Congo, Congo Republic, Congolese, Brazzaville]
    'CD': [Democratic Republic Congo, DR Congo, DRC, Democratic Republic Congolese, DR Congolese, Kinshasa]
    'GQ': [Equatorial Guinea, Equatorial Guinean*, Equatoguinean*, Malabo]
    'GA': [Gabon, Gabonese, Libreville]
    'ST': [Sao Tome and Principe, Sao Tomean*]
  
  NORTH:
    'DZ': [Algeria, Algerian*, Algiers]
    'EG': [Egypt, Egyptian*, Cairo]
    'LY': [Libya, Libyan*, Tripoli]
    'MA': [Morocco, Moroccan*, Rabat]
    'SD': [Sudan, Sudanese, Khartoum]
    'SS': [South Sudan, S Sudan, S Sudanese, Juba]
    'TN': [Tunisia, Tunisian*, Tunis]
    'EH': [Western Sahara, Western Saharan*, El Aaiun]

  SOUTH:
    'BW': [Botswana, Botswanan*, Gaborone]
    'LS': [Lesotho, Lesothonian*, Maseru]
    'NA': [Namibia, Namibian*, Windhoek]
    'ZA': [South Africa, S African, SA, South African*, S African*, Cape Town, Johannesburg]
    'SZ': [Swaziland, Swazi*, Lobamba, Mbabane]

  WEST:
    'BJ': [Benin, Beninese, Beninois, Porto Novo]
    'BF': [Burkina Faso, Burkinabe*, Ouagadougou]
    'CV': [Cape Verde, Cape Verdean*, Praia]
    'CI': [Ivory Coast, Côte d'Ivoire, I Coast, Ivorian*, Yamoussoukro, Abidjan]
    'GM': [Gambia, Gambian*, Banjul]
    'GH': [Ghana, Ghanaian*, Accra]
    'GN': [Guinea, Guinean*, Conakry]
    'GW': [Guinea Bissau, Guinea Bissauan*, Bissau]
    'LR': [Liberia, Liberian*, Monrovia]
    'ML': [Mali, Malian*, Bamako]
    'MR': [Mauritania, Mauritanian*, Nouakchott]
    'NE': [Niger, Nigerien*, Niamey]
    'NG': [Nigeria, Nigerian*, Abuja]
    'SH': [Saint Helena, St Helena, Saint Helenian*, St Helenian*, Jamestown]
    'SN': [Senegal, Senegalese, Dakar]
    'SL': [Sierra Leone, Sierra Leonean*, Freetown]
    'TG': [Togo, Togolese, Lome]

AMERICA:
  CARIB:
    'AI': [Anguilla, Anguillan*, The Valley]
    'AG': [Antigua and Barbuda, Antiguan*, Barbudan*]
    'AW': [Aruba, Aruban*, Oranjestad]
    'BS': [Bahamas, Bahamian*, Nassau]
    'BB': [Barbados, Barbadian*, Bridgetown]
    'BQ': [Bonaire, Bonairean*, Kralendijk]
    'VG': [British Virgin Islands, Virgin Island*, Road Town]
    'KY': [Cayman Islands, Cayman Island*, Caymanian*]
    'CU': [Cuba, Cuban*, Havana]
    'CW': [Curacao, Curacaoan*, Willemstad]
    'DO': [Commonwealth of Dominica, Commonwealth Dominican*, Roseau]
    'DM': [Dominican Republic, Dominican*, Santo Domingo]
    'GD': [Grenada, Grenadian*, Saint George's, St George's]
    'GP': [Guadeloupe, Guadeloupean*, ]
    'HT': [Haiti, Haitian*, Port au Prince]
    'JM': [Jamaica, Jamaican*, Kingston]
    'MQ': [Martinique, Martinican*, ]
    'MS': [Montserrat, Montserratian*, Brades]
    'PR': [Puerto Rico, Puerto Rican*, San Juan]
    'BL': [Saint Barthelemy, St Barthelemy, Barthelemois, Gustavia]
    'KN': [Saint Kitts and Nevis, St Kitts and Nevis, Kittitian*, Nevisian*, Basseterre]
    'LC': [Saint Lucia, St Lucia, Saint Lucian*, St Lucian*, Castries]
    'MF': [Saint Martin, St Martin, Saint Martiner*, St Martiner*, Marigot]
    'VC': [Saint Vincent and the Grenadines, St Vincent and the Grenadines, Vincentian*, Kingstown]
    'SX': [Sint Maarten, St Maarten, Sint Maartener*, St Maartener*, Philipsburg]
    'TT': [Trinidad and Tobago, Trinidad, Trinidadian*, Tobagonian*, Trinbagonian*, Port of Spain]
    'TC': [Turks and Caicos Islands, Turks and Caicos Island*, Cockburn Town]
    'VI': [United States Virgin Islands, US Virgin Islands, United States Virgin Island*, US Virgin Island*, Charlotte Amalie]

  CENTER:
    'BZ': [Belize, Belizean*, Belmopan]
    'CR': [Costa Rica, Costa Rican*, Ticos, San Jose]
    'SV': [El Salvador, Salvadoran*, San Salvador]
    'GT': [Guatemala, Guatemalan*, Guatemala City]
    'HN': [Honduras, Honduran*, Tegucigalpa]
    'MX': [Mexico, Mexican*, Mexico City]
    'NI': [Nicaragua, Nicaraguan*, Managua]
    'PA': [Panama, Panamanian*, Panama City]

  SOUTH:
    'AR': [Argentina, Argentine*, Argentinian*, Buenos Aires]
    'BO': [Bolivia, Bolivian*, Sucre]
    'BR': [Brazil, Brazilian*, Brasilia, Sao Paulo, Rio]
    'CL': [Chile, Chilean*, Santiago]
    'CO': [Colombia, Colombian*, Bogota]
    'EC': [Ecuador, Ecuadorian*, Quito]
    'FK': [Falkland Islands, Falkland Island*]
    'GF': [French Guiana, French Guianese]
    'GY': [Guyana, Guyanese]
    'PY': [Paraguay, Paraguayan*, Asuncion]
    'PE': [Peru, Peruvian*, Lima]
    'SR': [Suriname, Surinamese, Paramaribo]
    'UY': [Uruguay, Uruguayan*, Montevideo]
    'VE': [Venezuela, Venezuelan*, Caracas]

  NORTH:
    'BM': [Bermuda, Bermudan*]
    'CA': [Canada, Canadian*, Ottawa, Toronto, Quebec]
    'GL': [Greenland, Greenlander*, Nuuk]
    'PM': [Saint Pierre and Miquelon, St Pierre and Miquelon, Saint Pierrais, Miquelonnais, Saint Pierre]
    'US': [United States, US, American*, Washington, New York]

ASIA:
  CENTER:
    'KZ': [Kazakhstan, Kazakh*, Astana]
    'KG': [Kyrgyzstan, Kyrgyz*, Bishkek]
    'TJ': [Tajikistan, Tajiks*, Dushanbe]
    'TM': [Turkmenistan, Turkmen*, Ashhabad]
    'UZ': [Uzbekistan, Uzbek*, Tashkent]

  EAST:
    'CN': [China, Chinese, Beijing, Shanghai]
    'TW': [Taiwan, Taiwanese, Taipei]
    'HK': [Hong Kong, Hongkongese]
    'MO': [Macao, Macau, Macanese]
    'KP': [North Korea, N Korea, North Korean*, N Korean*, Pyongyang]
    'JP': [Japan, Japanese, Tokyo]
    'MN': [Mongolia, Mongolian*, Ulan Bator]
    'KR': [South Korea, S Korea, South Korean, S Korean*, Seoul]

  SOUTH:
    'AF': [Afghanistan, Afghan*, Kabul]
    'BD': [Bangladesh, Bangladeshi*, Dhaka, Dacca]
    'BT': [Bhutan, Bhutanese, Thimphu]
    'IN': [India, Indian*, Mumbai, New Delhi]
    'IR': [Iran, Iranian*, Tehran]
    'MV': [Maldives, Maldivian*]
    'NP': [Nepal, Nepali, Nepalese, Katmandu, Kathmandu]
    'PK': [Pakistan, Pakistani*, Islamabad]
    'LK': [Sri Lanka, Sri Lankan*, Colombo]

  SOUTH-EAST:
    'BN': [Brunei, Bruneian*]
    'KH': [Cambodia, Cambodian*, Phnom Penh]
    'ID': [Indonesia, Indonesian*, Jakarta]
    'LA': [Laos, Laotian*, Vientiane]
    'MY': [Malaysia, Malaysian*, Kuala Lumpur, Putrajaya]
    'MM': [Myanmar, Burma, Myanmarese, Burmese, Yangon, Naypyidaw]
    'PH': [Philippines, Philippine, Filipino*, Filipina*, Manila]
    'SG': [Singapore, Singaporean*]
    'TH': [Thailand, Thai, Bangkok]
    'TL': [East Timor, Timor Leste, East Timorese, Dili]
    'VN': [Viet Nam, Vietnam, Vietnamese, Hanoi, Ho Chi Minh City]

  WEST:
    'AM': [Armenia, Armenian*, Yerevan]
    'AZ': [Azerbaijan, Azerbaijani*, Azeri*, Baku]
    'BH': [Bahrain, Bahraini*, Manama]
    'CY': [Cyprus, Cypriot*, Nicosia]
    'GE': [Georgia, Georgian*, Tbilisi]
    'IQ': [Iraq, Iraqi*, Baghdad]
    'IL': [Israel, Israeli*, Jerusalem]
    'JO': [Jordan, Jordanian*, Amman]
    'KW': [Kuwait, Kuwaiti*, Kuwait City]
    'LB': [Lebanon, Lebanese, Beirut]
    'PS': [Palestine, Palestinian*, Gaza City, Gaza, West Bank]
    'OM': [Oman, Omani*, Muscat]
    'QA': [Qatar, Qatari*, Doha]
    'SA': [Saudi Arabia, Saudi*, Riyadh]
    'SY': [Syria, Syrian*, Damascus]
    'TR': [Turkey, Turk*, Ankara, Istanbul]
    'AE': [United Arab Emirates, UAE, Emirati*, Emiri*, Dubai, Abu Dhabi]
    'YE': [Yemen, Yemeni*, Sana'a]

EUROPE:

  EAST:
    'BY': [Belarus, Belarusian*, Minsk]
    'BG': [Bulgaria, Bulgarian*, Sofia]
    'CZ': [Czech Republic, Czech*, Prague]
    'HU': [Hungary, Hungarian*, Budapest]
    'PL': [Poland, Polish, Pole*, Warsaw]
    'MD': [Moldova, Moldovan*, Chisinau]
    'RO': [Romania, Romanian*, Bucharest]
    'RU': [Russia, Russian*, Moscow]
    'SK': [Slovakia, Slovak*, Bratislava]
    'UA': [Ukraine, Ukrainian*, Kiev]
    #'CRI': [Crimea, Crimean*, Sevastopol]

  NORTH:
    'AX': [Aland Islands, Aland Island*, Alandish, Mariehamn]
    'JE': [Channel Islands, Channel Island*]
    'DK': [Denmark, Danish, Dane*, Copenhagen]
    'EE': [Estonia, Estonian*, Tallinn]
    'FO': [Faeroe Islands, Faeroe Island*, Faroese*, Torshavn]
    'FI': [Finland, Finnish, Finn*, Helsinki]
    'GG': [Guernsey, Guernseie*, Saint Peter Port]
    'IS': [Iceland, Icelandic, Icelander*, Reykjavik]
    'IE': [Ireland, Irish, Dublin]
    'IM': [Isle of Man, Manx]
    'LV': [Latvia, Latvian*, Riga]
    'LT': [Lithuania, Lithuanian*, Vilnius]
    'NO': [Norway, Norwegian*, Oslo]
    'SJ': [Svalbard and Jan Mayen Islands]
    'SE': [Sweden, Swedish, Swede*, Stockholm]
    'GB': [UK, United Kingdom, Britain, British, Briton*, Brit*, London]

  SOUTH:
    'AL': [Albania, Albanian*, Tirana]
    'AD': [Andorra, Andorran*]
    'BA': [Bosnia, Bosnian*, Sarajevo]
    'HR': [Croatia, Croatian*, Croat*, Zagreb]
    'GI': [Gibraltar, Gibraltarian*, Llanitos]
    'GR': [Greece, Greek*, Athens]
    'VA': [Vatican]
    'IT': [Italy, Italian*, Rome]
    'MT': [Malta, Maltese, Valletta]
    'ME': [Montenegro, Montenegrin*, Podgorica]
    'PT': [Portugal, Portuguese, Lisbon]
    'SM': [San Marino, Sammarinese]
    'RS': [Serbia, Serbian*, Serb*, Belgrade]
    'SI': [Slovenia, Slovenian*, Slovene*, Ljubljana]
    'ES': [Spain, Spanish, Spaniard*, Madrid, Barcelona]
    'MK': [Macedonia, Macedonian*, Skopje]
    'KV': [Kosovo, Kosovan*, Pristina]

  WEST:
    'AT': [Austria, Austrian*, Vienna]
    'BE': [Belgium, Belgian*, Brussels]
    'FR': [France, French*, Paris]
    'DE': [Germany, German*, Berlin, Frankfurt]
    'LI': [Liechtenstein, Liechtenstein*, Vaduz]
    'LU': [Luxembourg, Luxembourgish, Luxembourger*]
    'MC': [Monaco, Monacan*, Monegasque*]
    'NL': [Netherlands, Holland, Dutch, Hollander*, Amsterdam]
    'CH': [Switzerland, Swiss*, Zurich, Bern]

OCEANIA:
  AU-NZ:
    'AU': [Australia, Australian*, Aussie*, Oz, Canberra, Sydney]
    'NZ': [New Zealand, N Zealand, NZ, New Zealander*, Kiwi*, Wellington, Auckland]
    'NF': [Norfolk Island, Norfolk Islander*]

  MEL:
    'FJ': [Fiji, Fijian*]
    'NC': [New Caledonia, New Caledonian*, Noumea]
    'PG': [Papua New Guinea, Papua New Guinean*, Papuan*, Port Moresby]
    'SB': [Solomon Islands, Solomon Island*, Honiara]
    'VU': [Vanuatu, Vanuatuan*, Port Vila]

  MIC:
    'GU': [Guam, Guamanian*, Hagatna]
    'KI': [Kiribati, Kiribati*, Tarawa]
    'MH': [Marshall Islands, Marshall Island*, Marshallese, Majuro]
    'FM': [Micronesia, Micronesian*, Palikir]
    'NR': [Nauru, Nauruan*, Yaren]
    'MP': [Northern Mariana Islands, Northern Mariana Island*, Capital Hill]
    'PW': [Palau, Palauan*, Melekeok]

  POL:
    'AS': [American Samoa, American Samoan*, Pago Pago]
    'CK': [Cook Islands, Cook Island*, Avarua]
    'PF': [French Polynesia, French Polynesian*, Papeete]
    'NU': [Niue, Niuean*, Alofi]
    'PN': [Pitcairn Islands, Pitcairn Island*, Adamstown]
    'WS': [Samoa, Samoan*, Apia]
    'TK': [Tokelau, Tokelauan*, Nukunonu]
    'TO': [Tonga, Tongan*, Nuku'alofa]
    'TV': [Tuvalu, Tuvaluan*, Funafuti]
    'WF': [Wallis and Futuna Islands, Wallis and Futuna Island*, Mata Utu]
