# Created by Elad Segev for the newsmap package: https://github.com/koheiw/newsmap

AFRICA:
    EAST:
        'BI': [בורונדי, בורונד*, בוג'ומבורה]
        'DJ': [ג'יבוטי, ג'יבוט*]
        'ER': [אריתריאה, אריתרי*, אסמרה]
        'ET': [אתיופיה, אתיופי*, אדיס אבבה]
        'KE': [קניה, ניירובי]
        'KM': [קומורו, קומורי*, מורוני]
        'MG': [מדגסקר, מדגאס*, מלאג*, אנטננריבו]
        'MU': [מאוריציוס, מאוריציוס*, פורט לואי]
        'MW': [מלאווי, מלאווי*, לילונגווה]
        'MZ': [מוזמביק, מוזמביקנ*, מאפוטו]
        'RE': [ראוניון, ראוניונ*, סן-דני]
        'RW': [רואנדה, רואנד*, קיגאלי]
        'SC': [סיישל, סיישל*, ויקטוריה]
        'SO': [סומליה, סומאלי*, מוגדישו]
        'TZ': [טנזניה, טנזני*, דודומה, דאר א-סלאם]
        'UG': [אוגנדה, אוגנד*, קמפלה]
        'YT': [מיוט, מהורנ*, מאמודזו]
        'ZM': [זמביה, זמביא*, לוסקה]
        'ZW': [זימבבואה, זימבבוא*, הרארה]

    MIDDLE:
        'AO': [אנגולה, אנגול*, לואנדה]
        'CD': [הרפובליקה הדמוקרטית של קונגו, קינשאסה]
        'CF': [הרפובליקה המרכז אפריקאית, מרכז אפריק*, בנגי]
        'CG': [קונגו, קונגי*, רפובליקת קונגו, קונגו-ברזוויל, ברזוויל]
        'CM': [קמרון, קמרוני*, יונדה]
        'GA': [גבון, גבונזי*, ליברוויל]
        'GQ': [גינאה המשוונית, מלבו]
        'ST': [סאו טומה ופרינסיפה, סאו טומא*]
        'TD': [צ'אד, צ'אדי*, נג'מנה]

    NORTH:
        'DZ': [אלג'יריה, אלג'יר*, אלג'יר]
        'EG': [מצרים, מצרי*, קהיר]
        'EH': [סהרה המערבית, סהרה המערבית*, אל-עיון]
        'LY': [לוב, טריפולי]
        'MA': [מרוקו, מרוקא*, רבאט]
        'SD': [סודן, סודאן, סודנ*, חרטום]
        'SS': [דרום סודן, ג'ובה]
        'TN': [תוניס, תוניס*, תוניס]

    SOUTH:
        'BW': [בוצואנה, בוצואנ*, גאבורון]
        'LS': [לסוטו, לסוטוני*, מסרו]
        'NA': [נמיביה, נמיבי*, ווינדהוק]
        'SZ': [סווזילנד, סווזי*, לובמבה, מבאבנה]
        'ZA': [דרום אפריקה, דרא"פ, דרום אפריק*, קייפטאון, יוהנסבורג, פרטוריה]

    WEST:
        'BF': [בורקינה פאסו, ואגאדוגו]
        'BJ': [בנין, פורטו נובו]
        'CI': [חוף השנהב, ימוסוקרו, אביג'אן]
        'CV': [קייפ ורדה, קייפ ורדיאנ*, פראיה]
        'GH': [גאנה, גאני*, אקרה]
        'GM': [גמביה, גמביא*, בנג'ול]
        'GN': [גיניאה, גינא*, קונאקרי]
        'GW': [גינאה ביסאו, גינאה ביסאו*, ביסאו]
        'LR': [ליבריה, ליברי*, מונרוביה]
        'ML': [מלי, מאליאנ*, במקו]
        'MR': [מאוריטניה, מאוריטני*, נואקשוט]
        'NE': [ניז'ר, ניז'רי*, ניאמי]
        'NG': [ניגריה, ניגרי*, אבוג'ה, לאגוס]
        'SH': [סנט הלנה, סנט הלניאנ*, ג'יימסטאון]
        'SL': [סיירה לאונה, סיירה לאונ*, פריטאון]
        'SN': [סנגל, סנגאל*, דקר]
        'TG': [טוגו, טוגולי*, לומה]

AMERICA:
    CARIB:
        'AG': [אנטיגואה וברבודה, אנטיגו*, ברבודה]
        'AI': [אנגווילה, אנגווי*, הוואלי]
        'AW': [ארובה, אורנג'סטאד]
        'BB': [ברבדוס, ברידג'טאון]
        'BL': [סנט ברתלמי, סנט-ברתלמי, ברטלואה, גוסטביה]
        'BQ': [בונייר, קרלנדייק]
        'BS': [איי בהאמה, נסאו]
        'CU': [קובה, קובני*, הוואנה]
        'CW': [קוראסאו, וילמסטאד]
        'DM': [חבר העמים של דומיניקה, רוזו]
        'DO': [הרפובליקה הדומיניקנית, דומיניקני*, סנטו דומינגו]
        'GD': [גרנדה, גרנדיא*, סנט ג'ורג']
        'GP': [גוואדלופ, גוואדלופ*, באסה טר]
        'HT': [האיטי, האיטי*, פורט או פרינס]
        'JM': [ג'מייקה, ג'מייקני*, קינגסטון]
        'KN': [סנט קיטס ונביס, נביסיאנ*, באסטר]
        'KY': [איי קיימן, קיימני*]
        'LC': [סנט לוסיה, סנט לוסיאנ*, קסטריז]
        'MF': [סנט מרטן, סנט מרטנר*, מריגו]
        'MQ': [מרטיניק, מרטיניקנ*]
        'MS': [מונטסראט, מונטסראט*, פלימות', בראדס]
        'PR': [פורטו ריקו, פורטו ריקני*, סן חואן]
        'SX': [סנט מארטן, סנט מרטנר*, פיליפסבורג]
        'TC': [איי הטורקים והקיקוס, האי הטורקים והקיקוס, קוקברן טאון]
        'TT': [טרינידד וטובגו, טרינידד, טובגוני*, 	פורט אוף ספיין]
        'VC': [סנט וינסנט והגרנדינים, קינגסטאון]
        'VG': [איי הבתולה הבריטיים, רואוד טאון]
        'VI': [איי הבתולה של ארצות הברית, איי הבתולה של ארה"ב, שרלוט אמאלי]

    CENTER:
        'BZ': [בליז, בליזאנ*, בלמופן]
        'CR': [קוסטה ריקה, קוסטה ריקני*, טיקוס, סן חוזה]
        'GT': [גואטמלה, גואטמל*, גואטמלה סיטי]
        'HN': [הונדורס, טגוסיגלפה]
        'MX': [מקסיקו, מקסיק*, מקסיקו סיטי]
        'NI': [ניקרגואה, ניקרגוא*, מנגואה]
        'PA': [פנמה, פנמני*, פנמה סיטי]
        'SV': [אל סלבדור, סלבדור*, סן סלבדור]

    SOUTH:
        'AR': [ארגנטינה, ארגנטינאי*, בואנוס איירס]
        'BO': [בוליביה, בוליבי*, סוקרה ,לה פאס]
        'BR': [ברזיל, ברזילאי*, ברזיליה, סאו פאולו, ריו]
        'CL': [צ'ילה, צ'יליא*, סנטיאגו]
        'CO': [קולומביה, קולומביאנ*, בוגוטה]
        'EC': [אקוודור, אקוודור*, קיטו]
        'FK': [איי פוקלנד, סטנלי]
        'GF': [גיאנה הצרפתית, קאיין]
        'GY': [גיאנה, ג'ורג'טאון]
        'PE': [פרו, פרואני*, לימה]
        'PY': [פרגוואי, פרגוואי*, אסונסיון]
        'SR': [סורינאם, סורינאמי*, פרמריבו]
        'UY': [אורוגוואי, אורוגווא*, מונטווידאו]
        'VE': [ונצואלה, ונצואל*, קראקס]

    NORTH:
        'BM': [ברמודה, ברמודי*]
        'CA': [קנדה, קנדי*, אוטווה, טורונטו, קוויבק]
        'GL': [גרינלנד, גרינלנד*, נואוק]
        'PM': [סנט פייר ומיקלון, סנט פייר]
        'US': [ארצות הברית, ארה"ב, אמריקאי*, וושינגטון, ניו יורק]

ASIA:
    CENTER:
        'KG': [קירגיזסטן, קירגיז*, בישקק]
        'KZ': [קזחסטן, קזח*, אסטנה]
        'TJ': [טג'יקיסטן, טאג'יקי*, דושנבה]
        'TM': [טורקמניסטן, טורקמני*, אשחבד]
        'UZ': [אוזבקיסטן, אוזבקי*, טשקנט]

    EAST:
        'CN': [סין, סינים, סינית, בייג'ינג, שנחאי]
        'HK': [הונג קונג, הונג קונגי*]
        'JP': [יפן, יפני*, טוקיו]
        'KP': [צפון קוריאה, צפון קוריאה, צפון קוריא*, פיונגיאנג]
        'KR': [דרום קוריאה, קוריאה הדרומית, דרום קוריא*, סאול]
        'MN': [מונגוליה, מונגולי*, אולן בטור]
        'MO': [מקאו, מקנזים]
        'TW': [טייוואן, טייוואנ*, טאיפיי]

    SOUTH:
        'AF': [אפגניסטן, אפגניסטנ*, קאבול]
        'BD': [בנגלדש, בנגלדש*, דאקה]
        'BT': [בהוטן, בהוטני*, תימפו]
        'IN': [הודו, הודי*, מומבאי, ניו דלהי]
        'IR': [איראן, איראנ*, טהראן]
        'LK': [סרי לנקה, סרי לנק*, קולומבו]
        'MV': [האיים המלדיביים]
        'NP': [נפאל, נפאלי*, קטמנדו]
        'PK': [פקיסטן, פקיסטני*, איסלאמאבאד]

    SOUTH-EAST:
        'BN': [ברוניי, ברונייאני*]
        'ID': [אינדונזיה, אינדונזי*, ג'קרטה]
        'KH': [קמבודיה, קמבודי*, פנום פן]
        'LA': [לאוס, לאוטיא*, ויינטיאן]
        'MM': [מיאנמר, בורמה, מיאנמר*, בורמזי*, יאנגון, נייפיידאוו]
        'MY': [מלזיה, מלזי*, קואלה לומפור, פוטראג'איה]
        'PH': [פיליפינים, פיליפינ*, מנילה]
        'SG': [סינגפור, סינגפור*]
        'TH': [תאילנד, תאילנד*, בנגקוק]
        'TL': [מזרח טימור, טימור לסטה, מזרח טימור*, דילי]
        'VN': [וייטנאם, וייטנאמ*, ויאטנם, ויאטנמ*, האנוי, הו צ'י מין, הו צ'י מין סיטי, סייגון]

    WEST:
        'AE': [איחוד האמירויות הערביות, האמירויות הערביות המאוחדות, דובאי, אבו דאבי]
        'AM': [ארמניה, ארמני*, ירוואן]
        'AZ': [אזרבייג'ן, אזרבייג'נ*, אזרי*, באקו]
        'BH': [בחריין, בחריינ*, מנאמה]
        'CY': [קפריסין, קפריס*, ניקוסיה]
        'GE': [גאורגיה, גרוזינ*, טביליסי]
        'IL': [ישראל, ישראל*, ירושלים]
        'IQ': [עירק, עירק*, בגדאד]
        'JO': [ירדן, ירדנ*, עמאן]
        'KW': [כווית, כווית*]
        'LB': [לבנון, לבנונ*, ביירות]
        'OM': [עומאן, עומני*, מוסקט]
        'PS': [פלסטין, פלסטינ*, עזה, הגדה המערבית, מזרח ירושל*, יהודה ושומרון]
        'QA': [קטאר, קטארי*, דוחא]
        'SA': [סעודיה, סעודי*, ריאד]
        'SY': [סוריה, סורי*, דמשק]
        'TR': [טורקיה, טורק*, אנקרה, איסטנבול]
        'YE': [תימן, תימני*, צנעא]

EUROPE:
    EAST:
        'BG': [בולגריה, בולגרי*, סופיה]
        'BY': [בלארוס, בלארוסי*, מינסק]
        'CZ': [צ'כיה, צ'כי*, פראג]
        'HU': [הונגריה, הונגרי*, בודפשט]
        'MD': [מולדובה, מולדוב*, קישינאו, קישינב]
        'PL': [פולין, פולני*, ורשה]
        'RO': [רומניה, רומני*, בוקרשט]
        'RU': [רוסיה, רוסי*, מוסקבה]
        'SK': [סלובקיה, סלובקי*, ברטיסלבה]
        'UA': [אוקראינה, אוקראיני*, קייב]

    NORTH:
        'AX': [אולנד, אולנדי*, מרייהאמן]
        'DK': [דנמרק, דנית, קופנהגן]
        'EE': [אסטוניה, אסטונ*, טאלין]
        'FI': [פינלנד, פינית, פינלנד*, הלסינקי]
        'FO': [איי פארו, האי פוארו*, טורסהאבן]
        'GB': [בריטניה, אגליה, בריטי*, לונדון]
        'GG': [גרנזי, גרנסי*, פורט סנט פיטר]
        'IE': [אירלנד, אירי, איריים, דבלין]
        'IM': [האי מאן, דאגלס]
        'IS': [איסלנד, איסלנד*, רייקיאוויק]
        'JE': [ג'רזי, גרנזי, איי התעלה]
        'LT': [ליטא, ליטא*, וילנה]
        'LV': [לטביה, לטבי*, ריגה]
        'NO': [נורווגיה, נורווגי*, אוסלו]
        'SE': [שבדיה, שוודי*, שטוקהולם]
        'SJ': [סבאלברד, לונגיירבין ,יאן מאיין]

    SOUTH:
        'AD': [אנדורה, אנדור*]
        'AL': [אלבניה, אלבני*, טיראנה]
        'BA': [בוסניה, בוסני*, הרצגובינה, סרייבו]
        'ES': [ספרד, ספרדי*, מדריד, ברצלונה]
        'GI': [גיברלטר, גיברלטארי*]
        'GR': [יוון, יווני*, אתונה]
        'HR': [קרואטיה, קרואטי*, זאגרב]
        'IT': [איטליה, איטלקי*, רומא]
        'KV': [קוסובו, קוסובנ*, פרישטינה]
        'ME': [מונטנגרו, מונטנגרו*, פודגוריצה]
        'MK': [מקדוניה, מקדוני*, סקופיה]
        'MT': [מלטה, מלטזי*, ולטה]
        'PT': [פורטוגל, פורטוגזי*, ליסבון]
        'RS': [סרביה, סרבי*, בלגרד]
        'SI': [סלובניה, סלובני*, לובליאנה]
        'SM': [סן מרינו]
        'VA': [הוותיקן, וותיקן]

    WEST:
        'AT': [אוסטריה, אוסטרי*, וינה]
        'BE': [בלגיה, בלגי*, בריסל]
        'CH': [שוויץ, שוויצ*, ציריך, ברן]
        'DE': [גרמניה, גרמני*, ברלין, פרנקפורט]
        'FR': [צרפת, צרפתי*, פריז]
        'LI': [ליכטנשטיין, ליכטנשטיינ*, ואדוז]
        'LU': [לוקסמבורג, לוקסמבורג*]
        'MC': [מונאקו, מונקו*]
        'NL': [הולנד, הולנד*, אמסטרדם]

OCEANIA:
    AU-NZ:
        'AU': [אוסטרליה, אוסטרלי*, קנברה, סידני]
        'CK': [איי קוק, האי קוק*, אוורואה]
        'NF': [האי נורפולק, האי נורפולק*, קינגסטון]
        'NZ': [ניו זילנד, ניו זילנ*, קיווי*, וולינגטון, אוקלנד]

    MEL:
        'FJ': [פיג'י, פיג'י*]
        'NC': [קלדוניה החדשה, ניו קלדוניה, נומאה]
        'PG': [פפואה גינאה החדשה, פפואה גינא*, פורט מורסבי]
        'SB': [איי שלמה, הוניארה]
        'VU': [ונואטו, ונואטואנ*, פורט וילה]

    MIC:
        'FM': [מיקרונזיה, מיקרונזי*, פליקיר]
        'GU': [גואם, גואמאני*, האגטנה]
        'KI': [קיריבטי, קיריבטי*, טאראווה]
        'MH': [איי מרשל, אי מרשל*, מאג'ורו]
        'MP': [איי מריאנה הצפוניים, האי מריאנה הצפוני*, סאיפאן]
        'NR': [נאורו, יארן]
        'PW': [פלאו, נגרולמוד, קורור]

    POL:
        'AS': [סמואה האמריקנית, פאגו פאגו]
        'NU': [ניואה, אלופי]
        'PF': [פולינזיה הצרפתית, פולינזי*, פפאטה]
        'PN': [איי פיטקרן, האי פיטקארן, אדמסטאון]
        'TK': [טוקלאו, טוקלאו*, נוקונונו]
        'TO': [טונגה, טונגנ*, נוקואלופה]
        'TV': [טובאלו, טובאלו*, פונאפוטי]
        'WF': [איי וואליס ופוטונה, אי וואליס ופוטונה*, מאטה אוטו]
        'WS': [סמואה, סמואי*, אפיה]
