# Created by Barbara Ellynes Zucchi Nobre Silva for the newsmap package: https://github.com/koheiw/newsmap

AFRICA:
  EAST:
    'BI': [Burundi, Burúndi, Burundian*, Burundiense*, Burundinês*, Bujumbura]
    'DJ': [Djibouti, Jibuti, Djiboutian*]
    'ER': [Eritreia, Eritreu*, Eritréia*, Eritreense*, Asmara]
    'ET': [Etiópia, Etíope*, Etiopian*, Adis Abeba]
    'KE': [Quénia, Quênia, Quenian*, Nairóbi]
    'KM': [Comores, Comoriense*, Comorian*, Moroni]
    'MG': [Madagáscar, Madagascar, Madagascarense*, Malgaxe*, Antananarivo]
    'MU': [Maurícia, Maurício, Maurician*, Porto Luís]
    'MW': [Malawi, Maláui, Malaui, Malauian*, Malawian*, Malavian*, Malawiense*, Malauiense*, Malavita*, Lilongué, Lilôngue, Lilóngue, Lilongue, Lilongwe]
    'MZ': [Moçambique, Moçambican*, Maputo]
    'RE': [Reunião, Ilha da Reunião, Reunionense*, Reunionês*, Reuniones*]
    'RW': [Ruanda, Ruandês*, Quigali]
    'SC': [Seicheles, Seychelles, Seychellense*, Seichelense*]
    'SO': [Somália, Somali*, Mogadíscio, Mogadixo]
    'TZ': [Tanzânia, Tanzania, Tanzanian*, Dodoma, Dar es Salaam, Dar es Salã]
    'UG': [Uganda, Ugandense*, Ugandês*, Campala]
    'YT': [Mayotte, Maiote, Maiotense*, Mamudzu]
    'ZM': [Zâmbia, Zambian*, Lusaca]
    'ZW': [Zimbabwe, Zimbábue, Zimbabué, Zimbaué, Zimbabuean*, Zimbabwean*, Zimbabuan*, Zimbabwan*, Zimbabuense*, Harare]

  MIDDLE:
    'AO': [Angola, Angolan*, Angolense*, Luanda]
    'CD': [República Democrática do Congo, RDC, Congo, Congo-Quinxassa, Congo-Quinxasa, Congolês*, Congolense*, Conguês*, Quinxassa, Quinxasa, Kinshasa]
    'CF': [República Centro-Africana, República da África-Central, Centro-African*, Bangui]
    'CG': [República do Congo, Congo-Brazavile, Congo-Brazzaville , Congolês*, Conguês*, Conguito*, Congolense*, Brazavile, Brazzaville]
    'CM': [Camarões, Cameronense*, Cameronês*, Iaundê, Iaundé]
    'GA': [Gabão, República Gabonesa, Gabonense*, Gabonês*, Libreville, Librevile]
    'GQ': [Guiné Equatorial, Guineense*, Guinéu-Equatorian*, Equato-Guineense*, Malabo]
    'ST': [São Tomé e Príncipe, Santomense*, São-Tomense*, São Tomé]
    'TD': [Chade, Tchade, Chadian*, Chadiense*, Jamena, N'Djamena]

  NORTH:
    'DZ': [Argélia, República Argelina Democrática e Popular, Argelin*, Argel]
    'EG': [Egito, Egípci*, Egipcian*, Egipcíac*, Cairo]
    'EH': [Saara Ocidental, Sara Ocidental, Sáara Ocidental, Saaráui*, Saarian*, Sarian*, El Aiune, Laiune]
    'LY': [Líbia, Líbio*, Líbic*, Trípoli]
    'MA': [Marrocos, Marroquin*, Rabat, Rabate]
    'SD': [Sudão, Sudanês*, Cartum]
    'SS': [Sudão do Sul, Sudão Meridional, Sul-Sudanês*, Juba]
    'TN': [Tunísia, República Tunisina, Tunisian*, Tunisin*, Tunes, Túnis]

  SOUTH:
    'BW': [Botswana, Botsuana, Bechuan*, Botsuanense*, Botsuan*, Botsuanês*, Gaborone]
    'LS': [Lesoto, Lessoto, Lesotian*, Lestotense*, Lesoto*, Maseru]
    'NA': [Namíbia, Namibian*, Vinduque]
    'SZ': [Essuatíni, Essuatinian*, Lobamba, Mebabane, Mbabane]
    'ZA': [África do Sul, Sul-African*, Austro-African*, Cidade do Cabo, Joanesburgo, Johannesburgo, Pretória]

  WEST:
    'BF': [Burquina Fasso, Burquina Faso, Burquina, Burquinense*, Burquinabê, Burquinês*, Burquin*, Uagadugu]
    'BJ': [Benim, Beninês*, Beninense*, Porto Novo]
    'CI': [Costa do Marfim, República de Côte d'Ivoire, Costa-Marfinense*, Marfinense*, Ebúrne*, Ivoiriense*, Iamussucro, Abidjã, Abijã, Abijão, Abidjan]
    'CV': [Cabo Verde, Cabo-Verdian*, Praia]
    'GH': [Gana, Ganês*, Ganense*, Acra]
    'GM': [Gâmbia, Gambian*, Banjul]
    'GN': [Guiné, Guinean*, Guineense*, Conacri]
    'GW': [Guiné-Bissau, Guineense*, Bissau]
    'LR': [Libéria, Liberian*, Monróvia]
    'ML': [Mali, Máli, Malian*, Malinês*, Malês*, Bamaco]
    'MR': [Mauritânia, Mauritan*, Nuaquexote, Nuaquechote]
    'NE': [Níger, Nigerin*, Nigerenseé*, Niamei, Niamey]
    'NG': [Nigéria, Nigerian*, Abuja, Lagos]
    'SH': [Santa Helena, Santo, Santa-Helenense*, Jamestown]
    'SL': [Serra Leoa, Serra-Leonês*, Serra-Leonin*, Freetown]
    'SN': [Senegal, Senegalês*, Senegales*, Dacar, Dakar]
    'TG': [Togo, Togolês*, Togoles*, Lomé]

AMERICA:
  CARIB:
    'AG': [Antígua e Barbuda, Antiga e Barbuda, Antiguan*]
    'AI': [Anguila, Anguilan*, The Valley]
    'AW': [Aruba, Aruban*, Oranjestad]
    'BB': [Barbados, Barbadian*, Barbadense*, Bridgetown]
    'BL': [São Bartolomeu, São-Bartolomense*, Gustávia]
    'BQ': [Bonaire, Bonairense*, Kralendijk]
    'BS': [Bahamas, Baamas, Bahamense*, Baamense*, Bahamian*, Baamian*, Bahamês*, Baamês*, Nassau]
    'CU': [Cuba, Cuban*, Havana]
    'CW': [Curaçau, Curaçauense*, Willemstad]
    'DM': [Dominica, Domínica, Dominiquense*, Dominiquês*, Dominicense*, Roseau]
    'DO': [República Dominicana, Dominican*, São Domingos]
    'GD': [Granada, Granadin*, São Jorge]
    'GP': [Guadalupe, Guadalupense*, Basse-Terre]
    'HT': [Haiti, Haitian*, Porto Príncipe, Porto do Príncipe]
    'JM': [Jamaica, Jamaican*, Kingston]
    'KN': [São Cristóvão e Neves, São Cristóvão e Névis, São-Cristovense, Basseterre]
    'KY': [Ilhas Cayman, Ilhas Caimã, Cayman, Caimão, Caimanês*, Caimanes*]
    'LC': [Santa Lúcia, Santa-Lucense*, Santa-Luciense*, Castries]
    'MF': [São Martinho, São-Martinhense*, Marigot]
    'MQ': [Martinica, Martinican*]
    'MS': [Monserrate, Monserratense*, Brades, Brades Estate]
    'PR': [Porto Rico, Porto-Riquenh*, Porto-Riquense*, San Juan, São João]
    'SX': [São Martinho, São-Martinhense*, Philipsburg]
    'TC': [Ilhas Turcas e Caicos, Turquense*, Turco-Caicense*, Cockburn Town]
    'TT': [Trindade e Tobago, Trinidade e Tobago, Trinidad e Tobago, Trinitári*, Trinitin*, Trinitário-Tobagense*, Tobaguian*, Port of Spain, Porto da Espanha, Porto de Espanha]
    'VC': [São Vicente e Granadinas, São-Vicentin*, Kingstown]
    'VG': [Ilhas Virgens Britânicas, Virginense*, Road Town]
    'VI': [Ilhas Virgens Americanas, Ilhas Virgens dos Estados Unidos, Virginense*, Charlotte Amalie, Carlota Amália]

  CENTER:
    'BZ': [Belize, Belizenh*, Belizense*, Belmopan, Belmopã]
    'CR': [Costa Rica, Costa-Riquenh*, Costa-Riquense*, Costarriquense*, Costa-Ricense*, Costarricense*, Ticos, San José, São José]
    'GT': [Guatemala, Guatemaltec*, Guatemalense*, Guatemalês*, Guatemales*, Cidade da Guatemala]
    'HN': [Honduras, Hondurenh*, Tegucigalpa]
    'MX': [México, Estados Unidos Mexicanos, Mexican*, Cidade do México]
    'NI': [Nicarágua, Nicaraguense*, Nica, Manágua]
    'PA': [Panamá, Panamenh*, Panamense*, Cidade do Panamá]
    'SV': [El Salvador, Salvadorenh*, San Salvador, São Salvador]

  SOUTH:
    'AR': [Argentina, Argentin*, Buenos Aires]
    'BO': [Bolívia, Bolivian*, Sucre, La Paz]
    'BR': [Brasil, Brasileir*, Brasília, São Paulo, Rio de Janeiro]
    'CL': [Chile, Chilen*, Santiago, Santiago do Chile]
    'CO': [Colômbia, Colombian*, Bogotá]
    'EC': [Equador, Equatorian*, Quito]
    'FK': [Ilhas Malvinas, Ilhas Falkland, Falklands, Falklander*, Malvinense*]
    'GF': [Guiana Francesa, Franco-Guianense*]
    'GY': [Guiana, Guyana, Guianês*, Guianense*]
    'PE': [Peru, Peruan*, Peruvian*, Lima]
    'PY': [Paraguai, Paraguai*, Paraguaian*, Assunção]
    'SR': [Suriname, Surinamense*, Surinamês*, Paramaribo]
    'UY': [Uruguai, Uruguai*, Montevidéu, Montevideu]
    'VE': [Venezuela, Venezuelan*, Caracas]

  NORTH:
    'BM': [Bermudas, Bermudenh*, Bermudense*]
    'CA': [Canadá, Canadense*, Canadian*, Ottawa, Otava, Toronto, Quebec, Cidade de Quebec]
    'GL': [Gronelândia, Groenlândia, Groelândia, Gronelandês*, Groenlandês, Nuuk, Nuque]
    'PM': [São Pedro e Miquelão, São Pedro e Miquelon, Saint-Pierre e Miquelon, Miquelonês*, São-Pedrense*, São Pedro]
    'US': [Estados Unidos, Estados Unidos da América, América, EUA, Washington, Nova Iorque, Nova York]

ASIA:
  CENTER:
    'KG': [Quirguistão, Quirguizistão, Quirguízia, República Quirguiz, Quirguiz*, Quirguistanês*, Bisqueque]
    'KZ': [Cazaquistão, Cazaque*, Cazaquistanês*, Casac*, Nur-Sultã, Nur Sultã]
    'TJ': [Tajiquistão, Tadjiquistão, Tajique*, Tadjique*, Tajiquistanês*, Tadjiquistanês*, Duxambé, Duchambé]
    'TM': [Turquemenistão, Turcomenistão, Turquemen*, Turcomen*, Turquemenistanês*, Asgabate, Asgabade, Ascabade]
    'UZ': [Uzbequistão, Usbequistão, Usbeque*, Uzbeque*, Usbequistanês*, Tasquente, Tashkent]

  EAST:
    'CN': [China, RPC, Chines*, Chinês*, Pequim, Xangai, Shanghai]
    'HK': [Hong Kong, Honconguês, Honcongues*]
    'JP': [Japão, Japonês*, Japones*, Japonense*, Japônic*, Japónic*, Nipônic*, Nipónic*, Tóquio]
    'KP': [Coreia do Norte, Coréia do Norte, República Popular Democrática da Coreia, RPDC, Norte-Corean*, Pyongyang, Pionguiangue]
    'KR': [Coreia do Sul, Coréia do Sul, República da Coreia, Coreia, Sul-Corean*, Seul]
    'MN': [Mongólia, Mongol*, Mongólic*, Ulã Bator, Ulan Bator]
    'MO': [Macau, Macauense*, Macaense*, Macaíst*]
    'TW': [Taiwan, Taiwanês*, Formosan*, Formosin*, Taiuanês*, Taipé, Cidade de Taipé]

  SOUTH:
    'AF': [Afeganistão, Afegã*, Afegan*, Afegânic*, Cabul, Cábul]
    'BD': [Bangladesh, Bangladexe, Bangladeche, Bangladês*, Banglades*, Bangladense*, Bengal*, Bangladexense*, Bangladexian*, Bangladechian*, Bangladeshian*, Bengalês, Bengalense*, Bengala*, Bengali*, Daca, Dhaka]
    'BT': [Butão, Butanês*, Butanense*, Butani*, Butâni*, Timbu, Thimphu, Timpu, Thimbu]
    'IN': [Índia, Indian*, Bombaim, Mumbai, Nova Deli, Nova Delhi, Nova Déli]
    'IR': [Irã, Irão, Iranian*, Teerã, Teerão]
    'LK': [Sri Lanka, Sri Lanca, Seri Lanca, Ceilão, Cingalês*, Srilankês*, Srilanquês*, Colombo, Columbo]
    'MV': [Maldivas, Maldiv*, Maldívi*]
    'NP': [Nepal, Nepalês, Nepales*, Catmandu]
    'PK': [Paquistão, Paquistanês*, Islamabade, Islamabad]

  SOUTH-EAST:
    'BN': [Brunei, Brunean*, Bruneín*]
    'ID': [Indonésia, Indonési*, Jacarta]
    'KH': [Camboja, Cambodja, Cambojan*, Phnom Penh, Pnom Pen, Pnom Pene, Penome Pene]
    'LA': [Laos, Laosian*, Laocian*, Vientiane, Vienciana]
    'MM': [Myanmar, Birmânia, Mianmarense*, Birmanês*, Birmã*, Birman*, Birmanian*, Birmanense*, Rangum, Yangon, Nepiedó, Naypyidaw, Nay Pyi Taw]
    'MY': [Malásia, Malaio*, Malaia*, Malási*, Kuala Lumpur, Cuala Lumpur, Quala Lumpur, Cualalampur, Putrajaia, Putrajaya]
    'PH': [Filipinas, Filipin*,  Manila]
    'SG': [Singapura, Cingapura, Singapurense*, Singapuran*]
    'TH': [Tailândia, Tailandês*, Banguecoque, Bangkok, Bancoque]
    'TL': [Timor-Leste, Timorense*, Maubere*, Díli]
    'VN': [Vietnã, Vietname, Vietnamit*, Vietnamês*, Vietnamense*, Vietnamian*, Hanói, Cidade de Ho Chi Minh, Saigon, Saigão]

  WEST:
    'AE': [Emirados Árabes Unidos, EAU, Emiradense*, Emirátic*, Dubai, Abu Dhabi, Abu Dabi]
    'AM': [Arménia, Armênia, Arméni*, Armêni*, Erevã, Erevan, Ierevan, Ierevã]
    'AZ': [Azerbaijão, Azeri*, Bacu, Baku]
    'BH': [Bahrein, Barém, Barein, Bareine, Bareinit*, Baremit*, Baremense*, Baremês*, Manama]
    'CY': [Chipre, Cipriot*, Cípri*, Ciprense*, Nicósia]
    'GE': [Geórgia, Georgian*, Geórgic*, Tiblíssi, Tbilisi]
    'IL': [Israel, Israelit*, Israelense*, Jerusalém]
    'IQ': [Iraque, Iraquian*, Bagdá, Bagdade]
    'JO': [Jordânia, Jordanian*, Jordan*, Amã]
    'KW': [Kuwait, Kuwaitian*, Koweitian*, Cuwaitian*, Coveitian*, Kowaitian*, Cuvait*, Kuwait*, Cuait*, Koweit, Coveite, Couaite, Quaite]
    'LB': [Líbano,  Libanês*, Beirute]
    'OM': [Omã, Omão, Omanense*, Omanian*, Omani, Mascate]
    'PS': [Palestina, Palestin*, Gaza, Cisjordânia]
    'QA': [Catar, Qatar, Catarense*, Catari*, Catarian*, Doha, Doa]
    'SA': [Arábia Saudita, Saudit*, Riade]
    'SY': [Síria, Siríac*, Sírio*, Síria*, Damasco]
    'TR': [Turquia, Turc*, Ancara, Istambul]
    'YE': [Iémen, Iêmen, Iemenit*, Saná, Sanaa, Sanaá]

EUROPE:
  EAST:
    'BG': [Bulgária, Búlgar*, Sófia]
    'BY': [Bielorrússia, Belarus, Bielorruss*, Belaruss* Minsk, Minsque]
    'CZ': [Chéquia, Tchéquia, República Checa, República Tcheca, Chec*, Praga]
    'HU': [Hungria, Húngar*, Budapeste]
    'MD': [Moldávia, Moldova, Moldávi*, Moldávic*, Moldav*, Moldov*, Quixinau, Quichinau, Chisinau, Quixineve]
    'PL': [Polónia, Polônia, Polac*, Polonês, Varsóvia]
    'RO': [Romênia, Roménia, Romen*, Bucareste]
    'RU': [Rússia, Federação Russa, Russo*, Russa*, Moscou, Moscovo]
    'SK': [Eslováquia, República Eslovaca, Eslovac*, Bratislava]
    'UA': [Ucrânia, Ucranian*, Kiev, Quieve, Kyiv]

  NORTH:
    'AX': [Ilhas Åland, Ilhas Aland, Ilhas Alanda, Alandês, Mariehamn]
    'DK': [Dinamarca, Dinamarquês*, Dinamarques*, Copenhaga, Copenhague]
    'EE': [Estónia, Estônia, Estonian*, Estóni*, Estónic*, Tallinn, Talim, Taline, Talin]
    'FI': [Finlândia, Finlandês*, Finlandes*, Helsínquia, Helsinque]
    'FO': [Ilhas Feroe, Ilhas Féroe, Ilhas Faroé, Ilhas Faroés, Feroês*, Feroic*, Tórshavn]
    'GB': [Reino Unido, Britânic*, Bretã*, Bretões, Londres]
    'GG': [Guernsey, Guernesey, Guérnesei, Guernesei, Guernsian*, Saint Peter Port, Porto de São Pedro, São Pedro Porto]
    'IE': [Irlanda, Eire, Irlandês*, Irlandes*, Dublin, Dublim]
    'IM': [Ilha de Man, Manês*, Manes*]
    'IS': [Islândia, Islandês*, Islandes*, Reiquiavique, Reykjavík]
    'JE': [Ilhas do Canal, Ilhas Anglo-Normandas, Ilhas do Canal*]
    'LT': [Lituânia, Lituan*, Vilnius, Vílnius, Vilna]
    'LV': [Letónia, Letônia, Letã*, Letões, Riga]
    'NO': [Noruega, Norueguês*, Noruegues*, Oslo]
    'SE': [Suécia, Suec*, Estocolmo]
    'SJ': [Svalbard e Jan Mayen, Norueguês*, Noruegues*]

  SOUTH:
    'AD': [Andorra, Andorran*, Andorrense*, Andorrian*, Andorrenh*]
    'AL': [Albânia, Albanês*, Tirana]
    'BA': [Bósnia e Herzegovina, Bósni*, Sarajevo, Saraievo]
    'ES': [Espanha, Espanhol*, Espanhóis, Madrid, Madri, Barcelona]
    'GI': [Gibraltar, Gibraltarin*, Gibraltin*, Llanit*, Llanis*]
    'GR': [Grécia, República Helênica, República Helénica, Grego*, Grega*, Atenas]
    'HR': [Croácia, Croata*, Zagreb, Zagrebe]
    'IT': [Itália, República Italiana, Italian*, Roma]
    'KV': [Kosovo, Cossovo, Cosovo, Kossovo, Kosovar*, Cosovar*, Cossovar*, Pristina]
    'ME': [Montenegro, Montenegrin*, Podgoritza, Podgoriza, Podgorica]
    'MK': [Macedônia do Norte, Macedónia do Norte, Macedóni*, Escópia, Skopje, Skopie]
    'MT': [Malta, Maltês*, Valeta]
    'PT': [Portugal, República Portuguesa, Português*, Portugues*, Lisboa]
    'RS': [Sérvia, Sérvi*, Belgrado]
    'SI': [Eslovénia, Eslovênia, Esloven*, Liubliana, Ljubljana]
    'SM': [San Marino, São Marinho, São Marino, Samarinês*, São-Marinense*, São-Marinhense*, San-Marinense*]
    'VA': [Vaticano, Vatican*]

  WEST:
    'AT': [Áustria, Austríac*, Viena]
    'BE': [Bélgica, Belga*, Bélgic*, Bruxelas]
    'CH': [Suíça, Suíç*, Zurique, Berna]
    'DE': [Alemanha, Alemã*, Berlim, Frankfurt, Francoforte]
    'FR': [França, República Francesa, Francês*, Frances*, Paris]
    'LI': [Liechtenstein, Listenstaine, Liechtensteinense*, Liechtensteiniense*, Liechtensteinian*, Listenstainian*, Listenstainês*, Vaduz]
    'LU': [Luxemburgo, Luxemburguês*]
    'MC': [Mónaco, Mônaco, Monegasc*]
    'NL': [Países Baixos, Holanda, Neerlandês*, Holandês*, Amesterdão, Amsterdão, Amsterdã, Amesterdã]

OCEANIA:
  AU-NZ:
    'AU': [Austrália, Australian*, Aussie*, Oz, Camberra, Sydney]
    'CK': [Ilhas Cook, Cookian*, Cookense*, Avarua]
    'NF': [Ilha Norfolk, Ilha Norfolque, Norfolquin*]
    'NZ': [Nova Zelândia, Neozelandês*, Kiwi*, Wellington, Auckland, Auclanda]

  MEL:
    'FJ': [Fiji, Fíji, Fidji, Fijian*]
    'NC': [Nova Caledónia, Nova Caledônia, Neocaledóni*, Neocaledôni*, Numeá, Numea, Numeia]
    'PG': [Papua-Nova Guiné, Papua Nova Guiné, Papuási*, Porto Moresby, Port Moresby]
    'SB': [Ilhas Salomão, Salomónic*, Salomônic*, Salomonense*, Honiara]
    'VU': [Vanuatu, Vanuatuense*, Porto Vila]

  MIC:
    'FM': [Estados Federados da Micronésia, EFM, Micronési*, Paliquir]
    'GU': [Guam, Guão, Guame, Guamês*, Guames*, Aganha]
    'KI': [Kiribati, Quiribáti, Quiribati, Kiribatian*, Etemaquian*, Kiribatin*, Taraua, Taraua do Sul, Tarawa do Sul]
    'MH': [Ilhas Marshall, Marshallin*, Marshalês*, Majuro]
    'MP': [Ilhas Marianas Setentrionais, Ilhas Marianas do Norte, Norte-Marianense*, Capital Hill, Saipã, Saipan]
    'NR': [Nauru, Nauruan*, Nauruense*, Yaren, Iarém]
    'PW': [Palau, Palauan*, Palauense*, Melekeok, Melequeoque]

  POL:
    'AS': [Samoa Americana, Estadunidense*, Samoan*, Pago Pago]
    'NU': [Niue, Niuê, Niuean*, Alofi]
    'PF': [Polinésia Francesa, Franco-Polinési*, Papeete]
    'PN': [Ilhas Pitcairn, Ilhas Picárnia, Henderson, Ducie e Oeno, Pitcairnês*, Pitcairnes*, Pitcairan*, Adamstown]
    'TK': [Toquelau, Ilhas da União, Toquelauan*, Nukunonu]
    'TO': [Tonga, Tonga*, Tonganês*, Nucualofa]
    'TV': [Tuvalu, Ilhas Ellice, Tuvaluan*, Funafuti]
    'WF': [Wallis e Futuna, Wallisense*, Mata Utu]
    'WS': [Samoa, Samoan*, Apia]
